[{"region_id":1,"country_id":"US","code":"AL","default_name":"Alabama"},{"region_id":2,"country_id":"US","code":"AK","default_name":"Alaska"},{"region_id":3,"country_id":"US","code":"AS","default_name":"American Samoa"},{"region_id":4,"country_id":"US","code":"AZ","default_name":"Arizona"},{"region_id":5,"country_id":"US","code":"AR","default_name":"Arkansas"},{"region_id":6,"country_id":"US","code":"AE","default_name":"Armed Forces Africa"},{"region_id":7,"country_id":"US","code":"AA","default_name":"Armed Forces Americas"},{"region_id":8,"country_id":"US","code":"AE","default_name":"Armed Forces Canada"},{"region_id":9,"country_id":"US","code":"AE","default_name":"Armed Forces Europe"},{"region_id":10,"country_id":"US","code":"AE","default_name":"Armed Forces Middle East"},{"region_id":11,"country_id":"US","code":"AP","default_name":"Armed Forces Pacific"},{"region_id":12,"country_id":"US","code":"CA","default_name":"California"},{"region_id":13,"country_id":"US","code":"CO","default_name":"Colorado"},{"region_id":14,"country_id":"US","code":"CT","default_name":"Connecticut"},{"region_id":15,"country_id":"US","code":"DE","default_name":"Delaware"},{"region_id":16,"country_id":"US","code":"DC","default_name":"District of Columbia"},{"region_id":17,"country_id":"US","code":"FM","default_name":"Federated States Of Micronesia"},{"region_id":18,"country_id":"US","code":"FL","default_name":"Florida"},{"region_id":19,"country_id":"US","code":"GA","default_name":"Georgia"},{"region_id":20,"country_id":"US","code":"GU","default_name":"Guam"},{"region_id":21,"country_id":"US","code":"HI","default_name":"Hawaii"},{"region_id":22,"country_id":"US","code":"ID","default_name":"Idaho"},{"region_id":23,"country_id":"US","code":"IL","default_name":"Illinois"},{"region_id":24,"country_id":"US","code":"IN","default_name":"Indiana"},{"region_id":25,"country_id":"US","code":"IA","default_name":"Iowa"},{"region_id":26,"country_id":"US","code":"KS","default_name":"Kansas"},{"region_id":27,"country_id":"US","code":"KY","default_name":"Kentucky"},{"region_id":28,"country_id":"US","code":"LA","default_name":"Louisiana"},{"region_id":29,"country_id":"US","code":"ME","default_name":"Maine"},{"region_id":30,"country_id":"US","code":"MH","default_name":"Marshall Islands"},{"region_id":31,"country_id":"US","code":"MD","default_name":"Maryland"},{"region_id":32,"country_id":"US","code":"MA","default_name":"Massachusetts"},{"region_id":33,"country_id":"US","code":"MI","default_name":"Michigan"},{"region_id":34,"country_id":"US","code":"MN","default_name":"Minnesota"},{"region_id":35,"country_id":"US","code":"MS","default_name":"Mississippi"},{"region_id":36,"country_id":"US","code":"MO","default_name":"Missouri"},{"region_id":37,"country_id":"US","code":"MT","default_name":"Montana"},{"region_id":38,"country_id":"US","code":"NE","default_name":"Nebraska"},{"region_id":39,"country_id":"US","code":"NV","default_name":"Nevada"},{"region_id":40,"country_id":"US","code":"NH","default_name":"New Hampshire"},{"region_id":41,"country_id":"US","code":"NJ","default_name":"New Jersey"},{"region_id":42,"country_id":"US","code":"NM","default_name":"New Mexico"},{"region_id":43,"country_id":"US","code":"NY","default_name":"New York"},{"region_id":44,"country_id":"US","code":"NC","default_name":"North Carolina"},{"region_id":45,"country_id":"US","code":"ND","default_name":"North Dakota"},{"region_id":46,"country_id":"US","code":"MP","default_name":"Northern Mariana Islands"},{"region_id":47,"country_id":"US","code":"OH","default_name":"Ohio"},{"region_id":48,"country_id":"US","code":"OK","default_name":"Oklahoma"},{"region_id":49,"country_id":"US","code":"OR","default_name":"Oregon"},{"region_id":50,"country_id":"US","code":"PW","default_name":"Palau"},{"region_id":51,"country_id":"US","code":"PA","default_name":"Pennsylvania"},{"region_id":52,"country_id":"US","code":"PR","default_name":"Puerto Rico"},{"region_id":53,"country_id":"US","code":"RI","default_name":"Rhode Island"},{"region_id":54,"country_id":"US","code":"SC","default_name":"South Carolina"},{"region_id":55,"country_id":"US","code":"SD","default_name":"South Dakota"},{"region_id":56,"country_id":"US","code":"TN","default_name":"Tennessee"},{"region_id":57,"country_id":"US","code":"TX","default_name":"Texas"},{"region_id":58,"country_id":"US","code":"UT","default_name":"Utah"},{"region_id":59,"country_id":"US","code":"VT","default_name":"Vermont"},{"region_id":60,"country_id":"US","code":"VI","default_name":"Virgin Islands"},{"region_id":61,"country_id":"US","code":"VA","default_name":"Virginia"},{"region_id":62,"country_id":"US","code":"WA","default_name":"Washington"},{"region_id":63,"country_id":"US","code":"WV","default_name":"West Virginia"},{"region_id":64,"country_id":"US","code":"WI","default_name":"Wisconsin"},{"region_id":65,"country_id":"US","code":"WY","default_name":"Wyoming"},{"region_id":66,"country_id":"CA","code":"AB","default_name":"Alberta"},{"region_id":67,"country_id":"CA","code":"BC","default_name":"British Columbia"},{"region_id":68,"country_id":"CA","code":"MB","default_name":"Manitoba"},{"region_id":69,"country_id":"CA","code":"NL","default_name":"Newfoundland and Labrador"},{"region_id":70,"country_id":"CA","code":"NB","default_name":"New Brunswick"},{"region_id":71,"country_id":"CA","code":"NS","default_name":"Nova Scotia"},{"region_id":72,"country_id":"CA","code":"NT","default_name":"Northwest Territories"},{"region_id":73,"country_id":"CA","code":"NU","default_name":"Nunavut"},{"region_id":74,"country_id":"CA","code":"ON","default_name":"Ontario"},{"region_id":75,"country_id":"CA","code":"PE","default_name":"Prince Edward Island"},{"region_id":76,"country_id":"CA","code":"QC","default_name":"Quebec"},{"region_id":77,"country_id":"CA","code":"SK","default_name":"Saskatchewan"},{"region_id":78,"country_id":"CA","code":"YT","default_name":"Yukon Territory"},{"region_id":79,"country_id":"DE","code":"NDS","default_name":"Niedersachsen"},{"region_id":80,"country_id":"DE","code":"BAW","default_name":"Baden-Württemberg"},{"region_id":81,"country_id":"DE","code":"BAY","default_name":"Bayern"},{"region_id":82,"country_id":"DE","code":"BER","default_name":"Berlin"},{"region_id":83,"country_id":"DE","code":"BRG","default_name":"Brandenburg"},{"region_id":84,"country_id":"DE","code":"BRE","default_name":"Bremen"},{"region_id":85,"country_id":"DE","code":"HAM","default_name":"Hamburg"},{"region_id":86,"country_id":"DE","code":"HES","default_name":"Hessen"},{"region_id":87,"country_id":"DE","code":"MEC","default_name":"Mecklenburg-Vorpommern"},{"region_id":88,"country_id":"DE","code":"NRW","default_name":"Nordrhein-Westfalen"},{"region_id":89,"country_id":"DE","code":"RHE","default_name":"Rheinland-Pfalz"},{"region_id":90,"country_id":"DE","code":"SAR","default_name":"Saarland"},{"region_id":91,"country_id":"DE","code":"SAS","default_name":"Sachsen"},{"region_id":92,"country_id":"DE","code":"SAC","default_name":"Sachsen-Anhalt"},{"region_id":93,"country_id":"DE","code":"SCN","default_name":"Schleswig-Holstein"},{"region_id":94,"country_id":"DE","code":"THE","default_name":"Thüringen"},{"region_id":95,"country_id":"AT","code":"WI","default_name":"Wien"},{"region_id":96,"country_id":"AT","code":"NO","default_name":"Niederösterreich"},{"region_id":97,"country_id":"AT","code":"OO","default_name":"Oberösterreich"},{"region_id":98,"country_id":"AT","code":"SB","default_name":"Salzburg"},{"region_id":99,"country_id":"AT","code":"KN","default_name":"Kärnten"},{"region_id":100,"country_id":"AT","code":"ST","default_name":"Steiermark"},{"region_id":101,"country_id":"AT","code":"TI","default_name":"Tirol"},{"region_id":102,"country_id":"AT","code":"BL","default_name":"Burgenland"},{"region_id":103,"country_id":"AT","code":"VB","default_name":"Vorarlberg"},{"region_id":104,"country_id":"CH","code":"AG","default_name":"Aargau"},{"region_id":105,"country_id":"CH","code":"AI","default_name":"Appenzell Innerrhoden"},{"region_id":106,"country_id":"CH","code":"AR","default_name":"Appenzell Ausserrhoden"},{"region_id":107,"country_id":"CH","code":"BE","default_name":"Bern"},{"region_id":108,"country_id":"CH","code":"BL","default_name":"Basel-Landschaft"},{"region_id":109,"country_id":"CH","code":"BS","default_name":"Basel-Stadt"},{"region_id":110,"country_id":"CH","code":"FR","default_name":"Freiburg"},{"region_id":111,"country_id":"CH","code":"GE","default_name":"Genf"},{"region_id":112,"country_id":"CH","code":"GL","default_name":"Glarus"},{"region_id":113,"country_id":"CH","code":"GR","default_name":"Graubünden"},{"region_id":114,"country_id":"CH","code":"JU","default_name":"Jura"},{"region_id":115,"country_id":"CH","code":"LU","default_name":"Luzern"},{"region_id":116,"country_id":"CH","code":"NE","default_name":"Neuenburg"},{"region_id":117,"country_id":"CH","code":"NW","default_name":"Nidwalden"},{"region_id":118,"country_id":"CH","code":"OW","default_name":"Obwalden"},{"region_id":119,"country_id":"CH","code":"SG","default_name":"St. Gallen"},{"region_id":120,"country_id":"CH","code":"SH","default_name":"Schaffhausen"},{"region_id":121,"country_id":"CH","code":"SO","default_name":"Solothurn"},{"region_id":122,"country_id":"CH","code":"SZ","default_name":"Schwyz"},{"region_id":123,"country_id":"CH","code":"TG","default_name":"Thurgau"},{"region_id":124,"country_id":"CH","code":"TI","default_name":"Tessin"},{"region_id":125,"country_id":"CH","code":"UR","default_name":"Uri"},{"region_id":126,"country_id":"CH","code":"VD","default_name":"Waadt"},{"region_id":127,"country_id":"CH","code":"VS","default_name":"Wallis"},{"region_id":128,"country_id":"CH","code":"ZG","default_name":"Zug"},{"region_id":129,"country_id":"CH","code":"ZH","default_name":"Zürich"},{"region_id":130,"country_id":"ES","code":"A Coruсa","default_name":"A Coruña"},{"region_id":131,"country_id":"ES","code":"Alava","default_name":"Alava"},{"region_id":132,"country_id":"ES","code":"Albacete","default_name":"Albacete"},{"region_id":133,"country_id":"ES","code":"Alicante","default_name":"Alicante"},{"region_id":134,"country_id":"ES","code":"Almeria","default_name":"Almeria"},{"region_id":135,"country_id":"ES","code":"Asturias","default_name":"Asturias"},{"region_id":136,"country_id":"ES","code":"Avila","default_name":"Avila"},{"region_id":137,"country_id":"ES","code":"Badajoz","default_name":"Badajoz"},{"region_id":138,"country_id":"ES","code":"Baleares","default_name":"Baleares"},{"region_id":139,"country_id":"ES","code":"Barcelona","default_name":"Barcelona"},{"region_id":140,"country_id":"ES","code":"Burgos","default_name":"Burgos"},{"region_id":141,"country_id":"ES","code":"Caceres","default_name":"Caceres"},{"region_id":142,"country_id":"ES","code":"Cadiz","default_name":"Cadiz"},{"region_id":143,"country_id":"ES","code":"Cantabria","default_name":"Cantabria"},{"region_id":144,"country_id":"ES","code":"Castellon","default_name":"Castellon"},{"region_id":145,"country_id":"ES","code":"Ceuta","default_name":"Ceuta"},{"region_id":146,"country_id":"ES","code":"Ciudad Real","default_name":"Ciudad Real"},{"region_id":147,"country_id":"ES","code":"Cordoba","default_name":"Cordoba"},{"region_id":148,"country_id":"ES","code":"Cuenca","default_name":"Cuenca"},{"region_id":149,"country_id":"ES","code":"Girona","default_name":"Girona"},{"region_id":150,"country_id":"ES","code":"Granada","default_name":"Granada"},{"region_id":151,"country_id":"ES","code":"Guadalajara","default_name":"Guadalajara"},{"region_id":152,"country_id":"ES","code":"Guipuzcoa","default_name":"Guipuzcoa"},{"region_id":153,"country_id":"ES","code":"Huelva","default_name":"Huelva"},{"region_id":154,"country_id":"ES","code":"Huesca","default_name":"Huesca"},{"region_id":155,"country_id":"ES","code":"Jaen","default_name":"Jaen"},{"region_id":156,"country_id":"ES","code":"La Rioja","default_name":"La Rioja"},{"region_id":157,"country_id":"ES","code":"Las Palmas","default_name":"Las Palmas"},{"region_id":158,"country_id":"ES","code":"Leon","default_name":"Leon"},{"region_id":159,"country_id":"ES","code":"Lleida","default_name":"Lleida"},{"region_id":160,"country_id":"ES","code":"Lugo","default_name":"Lugo"},{"region_id":161,"country_id":"ES","code":"Madrid","default_name":"Madrid"},{"region_id":162,"country_id":"ES","code":"Malaga","default_name":"Malaga"},{"region_id":163,"country_id":"ES","code":"Melilla","default_name":"Melilla"},{"region_id":164,"country_id":"ES","code":"Murcia","default_name":"Murcia"},{"region_id":165,"country_id":"ES","code":"Navarra","default_name":"Navarra"},{"region_id":166,"country_id":"ES","code":"Ourense","default_name":"Ourense"},{"region_id":167,"country_id":"ES","code":"Palencia","default_name":"Palencia"},{"region_id":168,"country_id":"ES","code":"Pontevedra","default_name":"Pontevedra"},{"region_id":169,"country_id":"ES","code":"Salamanca","default_name":"Salamanca"},{"region_id":170,"country_id":"ES","code":"Santa Cruz de Tenerife","default_name":"Santa Cruz de Tenerife"},{"region_id":171,"country_id":"ES","code":"Segovia","default_name":"Segovia"},{"region_id":172,"country_id":"ES","code":"Sevilla","default_name":"Sevilla"},{"region_id":173,"country_id":"ES","code":"Soria","default_name":"Soria"},{"region_id":174,"country_id":"ES","code":"Tarragona","default_name":"Tarragona"},{"region_id":175,"country_id":"ES","code":"Teruel","default_name":"Teruel"},{"region_id":176,"country_id":"ES","code":"Toledo","default_name":"Toledo"},{"region_id":177,"country_id":"ES","code":"Valencia","default_name":"Valencia"},{"region_id":178,"country_id":"ES","code":"Valladolid","default_name":"Valladolid"},{"region_id":179,"country_id":"ES","code":"Vizcaya","default_name":"Vizcaya"},{"region_id":180,"country_id":"ES","code":"Zamora","default_name":"Zamora"},{"region_id":181,"country_id":"ES","code":"Zaragoza","default_name":"Zaragoza"},{"region_id":182,"country_id":"FR","code":"1","default_name":"Ain"},{"region_id":183,"country_id":"FR","code":"2","default_name":"Aisne"},{"region_id":184,"country_id":"FR","code":"3","default_name":"Allier"},{"region_id":185,"country_id":"FR","code":"4","default_name":"Alpes-de-Haute-Provence"},{"region_id":186,"country_id":"FR","code":"5","default_name":"Hautes-Alpes"},{"region_id":187,"country_id":"FR","code":"6","default_name":"Alpes-Maritimes"},{"region_id":188,"country_id":"FR","code":"7","default_name":"Ardèche"},{"region_id":189,"country_id":"FR","code":"8","default_name":"Ardennes"},{"region_id":190,"country_id":"FR","code":"9","default_name":"Ariège"},{"region_id":191,"country_id":"FR","code":"10","default_name":"Aube"},{"region_id":192,"country_id":"FR","code":"11","default_name":"Aude"},{"region_id":193,"country_id":"FR","code":"12","default_name":"Aveyron"},{"region_id":194,"country_id":"FR","code":"13","default_name":"Bouches-du-Rhône"},{"region_id":195,"country_id":"FR","code":"14","default_name":"Calvados"},{"region_id":196,"country_id":"FR","code":"15","default_name":"Cantal"},{"region_id":197,"country_id":"FR","code":"16","default_name":"Charente"},{"region_id":198,"country_id":"FR","code":"17","default_name":"Charente-Maritime"},{"region_id":199,"country_id":"FR","code":"18","default_name":"Cher"},{"region_id":200,"country_id":"FR","code":"19","default_name":"Corrèze"},{"region_id":201,"country_id":"FR","code":"2A","default_name":"Corse-du-Sud"},{"region_id":202,"country_id":"FR","code":"2B","default_name":"Haute-Corse"},{"region_id":203,"country_id":"FR","code":"21","default_name":"Côte-d'Or"},{"region_id":204,"country_id":"FR","code":"22","default_name":"Côtes-d'Armor"},{"region_id":205,"country_id":"FR","code":"23","default_name":"Creuse"},{"region_id":206,"country_id":"FR","code":"24","default_name":"Dordogne"},{"region_id":207,"country_id":"FR","code":"25","default_name":"Doubs"},{"region_id":208,"country_id":"FR","code":"26","default_name":"Drôme"},{"region_id":209,"country_id":"FR","code":"27","default_name":"Eure"},{"region_id":210,"country_id":"FR","code":"28","default_name":"Eure-et-Loir"},{"region_id":211,"country_id":"FR","code":"29","default_name":"Finistère"},{"region_id":212,"country_id":"FR","code":"30","default_name":"Gard"},{"region_id":213,"country_id":"FR","code":"31","default_name":"Haute-Garonne"},{"region_id":214,"country_id":"FR","code":"32","default_name":"Gers"},{"region_id":215,"country_id":"FR","code":"33","default_name":"Gironde"},{"region_id":216,"country_id":"FR","code":"34","default_name":"Hérault"},{"region_id":217,"country_id":"FR","code":"35","default_name":"Ille-et-Vilaine"},{"region_id":218,"country_id":"FR","code":"36","default_name":"Indre"},{"region_id":219,"country_id":"FR","code":"37","default_name":"Indre-et-Loire"},{"region_id":220,"country_id":"FR","code":"38","default_name":"Isère"},{"region_id":221,"country_id":"FR","code":"39","default_name":"Jura"},{"region_id":222,"country_id":"FR","code":"40","default_name":"Landes"},{"region_id":223,"country_id":"FR","code":"41","default_name":"Loir-et-Cher"},{"region_id":224,"country_id":"FR","code":"42","default_name":"Loire"},{"region_id":225,"country_id":"FR","code":"43","default_name":"Haute-Loire"},{"region_id":226,"country_id":"FR","code":"44","default_name":"Loire-Atlantique"},{"region_id":227,"country_id":"FR","code":"45","default_name":"Loiret"},{"region_id":228,"country_id":"FR","code":"46","default_name":"Lot"},{"region_id":229,"country_id":"FR","code":"47","default_name":"Lot-et-Garonne"},{"region_id":230,"country_id":"FR","code":"48","default_name":"Lozère"},{"region_id":231,"country_id":"FR","code":"49","default_name":"Maine-et-Loire"},{"region_id":232,"country_id":"FR","code":"50","default_name":"Manche"},{"region_id":233,"country_id":"FR","code":"51","default_name":"Marne"},{"region_id":234,"country_id":"FR","code":"52","default_name":"Haute-Marne"},{"region_id":235,"country_id":"FR","code":"53","default_name":"Mayenne"},{"region_id":236,"country_id":"FR","code":"54","default_name":"Meurthe-et-Moselle"},{"region_id":237,"country_id":"FR","code":"55","default_name":"Meuse"},{"region_id":238,"country_id":"FR","code":"56","default_name":"Morbihan"},{"region_id":239,"country_id":"FR","code":"57","default_name":"Moselle"},{"region_id":240,"country_id":"FR","code":"58","default_name":"Nièvre"},{"region_id":241,"country_id":"FR","code":"59","default_name":"Nord"},{"region_id":242,"country_id":"FR","code":"60","default_name":"Oise"},{"region_id":243,"country_id":"FR","code":"61","default_name":"Orne"},{"region_id":244,"country_id":"FR","code":"62","default_name":"Pas-de-Calais"},{"region_id":245,"country_id":"FR","code":"63","default_name":"Puy-de-Dôme"},{"region_id":246,"country_id":"FR","code":"64","default_name":"Pyrénées-Atlantiques"},{"region_id":247,"country_id":"FR","code":"65","default_name":"Hautes-Pyrénées"},{"region_id":248,"country_id":"FR","code":"66","default_name":"Pyrénées-Orientales"},{"region_id":249,"country_id":"FR","code":"67","default_name":"Bas-Rhin"},{"region_id":250,"country_id":"FR","code":"68","default_name":"Haut-Rhin"},{"region_id":251,"country_id":"FR","code":"69","default_name":"Rhône"},{"region_id":252,"country_id":"FR","code":"70","default_name":"Haute-Saône"},{"region_id":253,"country_id":"FR","code":"71","default_name":"Saône-et-Loire"},{"region_id":254,"country_id":"FR","code":"72","default_name":"Sarthe"},{"region_id":255,"country_id":"FR","code":"73","default_name":"Savoie"},{"region_id":256,"country_id":"FR","code":"74","default_name":"Haute-Savoie"},{"region_id":257,"country_id":"FR","code":"75","default_name":"Paris"},{"region_id":258,"country_id":"FR","code":"76","default_name":"Seine-Maritime"},{"region_id":259,"country_id":"FR","code":"77","default_name":"Seine-et-Marne"},{"region_id":260,"country_id":"FR","code":"78","default_name":"Yvelines"},{"region_id":261,"country_id":"FR","code":"79","default_name":"Deux-Sèvres"},{"region_id":262,"country_id":"FR","code":"80","default_name":"Somme"},{"region_id":263,"country_id":"FR","code":"81","default_name":"Tarn"},{"region_id":264,"country_id":"FR","code":"82","default_name":"Tarn-et-Garonne"},{"region_id":265,"country_id":"FR","code":"83","default_name":"Var"},{"region_id":266,"country_id":"FR","code":"84","default_name":"Vaucluse"},{"region_id":267,"country_id":"FR","code":"85","default_name":"Vendée"},{"region_id":268,"country_id":"FR","code":"86","default_name":"Vienne"},{"region_id":269,"country_id":"FR","code":"87","default_name":"Haute-Vienne"},{"region_id":270,"country_id":"FR","code":"88","default_name":"Vosges"},{"region_id":271,"country_id":"FR","code":"89","default_name":"Yonne"},{"region_id":272,"country_id":"FR","code":"90","default_name":"Territoire-de-Belfort"},{"region_id":273,"country_id":"FR","code":"91","default_name":"Essonne"},{"region_id":274,"country_id":"FR","code":"92","default_name":"Hauts-de-Seine"},{"region_id":275,"country_id":"FR","code":"93","default_name":"Seine-Saint-Denis"},{"region_id":276,"country_id":"FR","code":"94","default_name":"Val-de-Marne"},{"region_id":277,"country_id":"FR","code":"95","default_name":"Val-d'Oise"},{"region_id":278,"country_id":"RO","code":"AB","default_name":"Alba"},{"region_id":279,"country_id":"RO","code":"AR","default_name":"Arad"},{"region_id":280,"country_id":"RO","code":"AG","default_name":"Argeş"},{"region_id":281,"country_id":"RO","code":"BC","default_name":"Bacău"},{"region_id":282,"country_id":"RO","code":"BH","default_name":"Bihor"},{"region_id":283,"country_id":"RO","code":"BN","default_name":"Bistriţa-Năsăud"},{"region_id":284,"country_id":"RO","code":"BT","default_name":"Botoşani"},{"region_id":285,"country_id":"RO","code":"BV","default_name":"Braşov"},{"region_id":286,"country_id":"RO","code":"BR","default_name":"Brăila"},{"region_id":287,"country_id":"RO","code":"B","default_name":"Bucureşti"},{"region_id":288,"country_id":"RO","code":"BZ","default_name":"Buzău"},{"region_id":289,"country_id":"RO","code":"CS","default_name":"Caraş-Severin"},{"region_id":290,"country_id":"RO","code":"CL","default_name":"Călăraşi"},{"region_id":291,"country_id":"RO","code":"CJ","default_name":"Cluj"},{"region_id":292,"country_id":"RO","code":"CT","default_name":"Constanţa"},{"region_id":293,"country_id":"RO","code":"CV","default_name":"Covasna"},{"region_id":294,"country_id":"RO","code":"DB","default_name":"Dâmboviţa"},{"region_id":295,"country_id":"RO","code":"DJ","default_name":"Dolj"},{"region_id":296,"country_id":"RO","code":"GL","default_name":"Galaţi"},{"region_id":297,"country_id":"RO","code":"GR","default_name":"Giurgiu"},{"region_id":298,"country_id":"RO","code":"GJ","default_name":"Gorj"},{"region_id":299,"country_id":"RO","code":"HR","default_name":"Harghita"},{"region_id":300,"country_id":"RO","code":"HD","default_name":"Hunedoara"},{"region_id":301,"country_id":"RO","code":"IL","default_name":"Ialomiţa"},{"region_id":302,"country_id":"RO","code":"IS","default_name":"Iaşi"},{"region_id":303,"country_id":"RO","code":"IF","default_name":"Ilfov"},{"region_id":304,"country_id":"RO","code":"MM","default_name":"Maramureş"},{"region_id":305,"country_id":"RO","code":"MH","default_name":"Mehedinţi"},{"region_id":306,"country_id":"RO","code":"MS","default_name":"Mureş"},{"region_id":307,"country_id":"RO","code":"NT","default_name":"Neamţ"},{"region_id":308,"country_id":"RO","code":"OT","default_name":"Olt"},{"region_id":309,"country_id":"RO","code":"PH","default_name":"Prahova"},{"region_id":310,"country_id":"RO","code":"SM","default_name":"Satu-Mare"},{"region_id":311,"country_id":"RO","code":"SJ","default_name":"Sălaj"},{"region_id":312,"country_id":"RO","code":"SB","default_name":"Sibiu"},{"region_id":313,"country_id":"RO","code":"SV","default_name":"Suceava"},{"region_id":314,"country_id":"RO","code":"TR","default_name":"Teleorman"},{"region_id":315,"country_id":"RO","code":"TM","default_name":"Timiş"},{"region_id":316,"country_id":"RO","code":"TL","default_name":"Tulcea"},{"region_id":317,"country_id":"RO","code":"VS","default_name":"Vaslui"},{"region_id":318,"country_id":"RO","code":"VL","default_name":"Vâlcea"},{"region_id":319,"country_id":"RO","code":"VN","default_name":"Vrancea"},{"region_id":320,"country_id":"FI","code":"Lappi","default_name":"Lappi"},{"region_id":321,"country_id":"FI","code":"Pohjois-Pohjanmaa","default_name":"Pohjois-Pohjanmaa"},{"region_id":322,"country_id":"FI","code":"Kainuu","default_name":"Kainuu"},{"region_id":323,"country_id":"FI","code":"Pohjois-Karjala","default_name":"Pohjois-Karjala"},{"region_id":324,"country_id":"FI","code":"Pohjois-Savo","default_name":"Pohjois-Savo"},{"region_id":325,"country_id":"FI","code":"Etelä-Savo","default_name":"Etelä-Savo"},{"region_id":326,"country_id":"FI","code":"Etelä-Pohjanmaa","default_name":"Etelä-Pohjanmaa"},{"region_id":327,"country_id":"FI","code":"Pohjanmaa","default_name":"Pohjanmaa"},{"region_id":328,"country_id":"FI","code":"Pirkanmaa","default_name":"Pirkanmaa"},{"region_id":329,"country_id":"FI","code":"Satakunta","default_name":"Satakunta"},{"region_id":330,"country_id":"FI","code":"Keski-Pohjanmaa","default_name":"Keski-Pohjanmaa"},{"region_id":331,"country_id":"FI","code":"Keski-Suomi","default_name":"Keski-Suomi"},{"region_id":332,"country_id":"FI","code":"Varsinais-Suomi","default_name":"Varsinais-Suomi"},{"region_id":333,"country_id":"FI","code":"Etelä-Karjala","default_name":"Etelä-Karjala"},{"region_id":334,"country_id":"FI","code":"Päijät-Häme","default_name":"Päijät-Häme"},{"region_id":335,"country_id":"FI","code":"Kanta-Häme","default_name":"Kanta-Häme"},{"region_id":336,"country_id":"FI","code":"Uusimaa","default_name":"Uusimaa"},{"region_id":337,"country_id":"FI","code":"Itä-Uusimaa","default_name":"Itä-Uusimaa"},{"region_id":338,"country_id":"FI","code":"Kymenlaakso","default_name":"Kymenlaakso"},{"region_id":339,"country_id":"FI","code":"Ahvenanmaa","default_name":"Ahvenanmaa"},{"region_id":340,"country_id":"EE","code":"EE-37","default_name":"Harjumaa"},{"region_id":341,"country_id":"EE","code":"EE-39","default_name":"Hiiumaa"},{"region_id":342,"country_id":"EE","code":"EE-44","default_name":"Ida-Virumaa"},{"region_id":343,"country_id":"EE","code":"EE-49","default_name":"Jõgevamaa"},{"region_id":344,"country_id":"EE","code":"EE-51","default_name":"Järvamaa"},{"region_id":345,"country_id":"EE","code":"EE-57","default_name":"Läänemaa"},{"region_id":346,"country_id":"EE","code":"EE-59","default_name":"Lääne-Virumaa"},{"region_id":347,"country_id":"EE","code":"EE-65","default_name":"Põlvamaa"},{"region_id":348,"country_id":"EE","code":"EE-67","default_name":"Pärnumaa"},{"region_id":349,"country_id":"EE","code":"EE-70","default_name":"Raplamaa"},{"region_id":350,"country_id":"EE","code":"EE-74","default_name":"Saaremaa"},{"region_id":351,"country_id":"EE","code":"EE-78","default_name":"Tartumaa"},{"region_id":352,"country_id":"EE","code":"EE-82","default_name":"Valgamaa"},{"region_id":353,"country_id":"EE","code":"EE-84","default_name":"Viljandimaa"},{"region_id":354,"country_id":"EE","code":"EE-86","default_name":"Võrumaa"},{"region_id":355,"country_id":"LV","code":"LV-DGV","default_name":"Daugavpils"},{"region_id":356,"country_id":"LV","code":"LV-JEL","default_name":"Jelgava"},{"region_id":357,"country_id":"LV","code":"Jēkabpils","default_name":"Jēkabpils"},{"region_id":358,"country_id":"LV","code":"LV-JUR","default_name":"Jūrmala"},{"region_id":359,"country_id":"LV","code":"LV-LPX","default_name":"Liepāja"},{"region_id":360,"country_id":"LV","code":"LV-LE","default_name":"Liepājas novads"},{"region_id":361,"country_id":"LV","code":"LV-REZ","default_name":"Rēzekne"},{"region_id":362,"country_id":"LV","code":"LV-RIX","default_name":"Rīga"},{"region_id":363,"country_id":"LV","code":"LV-RI","default_name":"Rīgas novads"},{"region_id":364,"country_id":"LV","code":"Valmiera","default_name":"Valmiera"},{"region_id":365,"country_id":"LV","code":"LV-VEN","default_name":"Ventspils"},{"region_id":366,"country_id":"LV","code":"Aglonas novads","default_name":"Aglonas novads"},{"region_id":367,"country_id":"LV","code":"LV-AI","default_name":"Aizkraukles novads"},{"region_id":368,"country_id":"LV","code":"Aizputes novads","default_name":"Aizputes novads"},{"region_id":369,"country_id":"LV","code":"Aknīstes novads","default_name":"Aknīstes novads"},{"region_id":370,"country_id":"LV","code":"Alojas novads","default_name":"Alojas novads"},{"region_id":371,"country_id":"LV","code":"Alsungas novads","default_name":"Alsungas novads"},{"region_id":372,"country_id":"LV","code":"LV-AL","default_name":"Alūksnes novads"},{"region_id":373,"country_id":"LV","code":"Amatas novads","default_name":"Amatas novads"},{"region_id":374,"country_id":"LV","code":"Apes novads","default_name":"Apes novads"},{"region_id":375,"country_id":"LV","code":"Auces novads","default_name":"Auces novads"},{"region_id":376,"country_id":"LV","code":"Babītes novads","default_name":"Babītes novads"},{"region_id":377,"country_id":"LV","code":"Baldones novads","default_name":"Baldones novads"},{"region_id":378,"country_id":"LV","code":"Baltinavas novads","default_name":"Baltinavas novads"},{"region_id":379,"country_id":"LV","code":"LV-BL","default_name":"Balvu novads"},{"region_id":380,"country_id":"LV","code":"LV-BU","default_name":"Bauskas novads"},{"region_id":381,"country_id":"LV","code":"Beverīnas novads","default_name":"Beverīnas novads"},{"region_id":382,"country_id":"LV","code":"Brocēnu novads","default_name":"Brocēnu novads"},{"region_id":383,"country_id":"LV","code":"Burtnieku novads","default_name":"Burtnieku novads"},{"region_id":384,"country_id":"LV","code":"Carnikavas novads","default_name":"Carnikavas novads"},{"region_id":385,"country_id":"LV","code":"Cesvaines novads","default_name":"Cesvaines novads"},{"region_id":386,"country_id":"LV","code":"Ciblas novads","default_name":"Ciblas novads"},{"region_id":387,"country_id":"LV","code":"LV-CE","default_name":"Cēsu novads"},{"region_id":388,"country_id":"LV","code":"Dagdas novads","default_name":"Dagdas novads"},{"region_id":389,"country_id":"LV","code":"LV-DA","default_name":"Daugavpils novads"},{"region_id":390,"country_id":"LV","code":"LV-DO","default_name":"Dobeles novads"},{"region_id":391,"country_id":"LV","code":"Dundagas novads","default_name":"Dundagas novads"},{"region_id":392,"country_id":"LV","code":"Durbes novads","default_name":"Durbes novads"},{"region_id":393,"country_id":"LV","code":"Engures novads","default_name":"Engures novads"},{"region_id":394,"country_id":"LV","code":"Garkalnes novads","default_name":"Garkalnes novads"},{"region_id":395,"country_id":"LV","code":"Grobiņas novads","default_name":"Grobiņas novads"},{"region_id":396,"country_id":"LV","code":"LV-GU","default_name":"Gulbenes novads"},{"region_id":397,"country_id":"LV","code":"Iecavas novads","default_name":"Iecavas novads"},{"region_id":398,"country_id":"LV","code":"Ikšķiles novads","default_name":"Ikšķiles novads"},{"region_id":399,"country_id":"LV","code":"Ilūkstes novads","default_name":"Ilūkstes novads"},{"region_id":400,"country_id":"LV","code":"Inčukalna novads","default_name":"Inčukalna novads"},{"region_id":401,"country_id":"LV","code":"Jaunjelgavas novads","default_name":"Jaunjelgavas novads"},{"region_id":402,"country_id":"LV","code":"Jaunpiebalgas novads","default_name":"Jaunpiebalgas novads"},{"region_id":403,"country_id":"LV","code":"Jaunpils novads","default_name":"Jaunpils novads"},{"region_id":404,"country_id":"LV","code":"LV-JL","default_name":"Jelgavas novads"},{"region_id":405,"country_id":"LV","code":"LV-JK","default_name":"Jēkabpils novads"},{"region_id":406,"country_id":"LV","code":"Kandavas novads","default_name":"Kandavas novads"},{"region_id":407,"country_id":"LV","code":"Kokneses novads","default_name":"Kokneses novads"},{"region_id":408,"country_id":"LV","code":"Krimuldas novads","default_name":"Krimuldas novads"},{"region_id":409,"country_id":"LV","code":"Krustpils novads","default_name":"Krustpils novads"},{"region_id":410,"country_id":"LV","code":"LV-KR","default_name":"Krāslavas novads"},{"region_id":411,"country_id":"LV","code":"LV-KU","default_name":"Kuldīgas novads"},{"region_id":412,"country_id":"LV","code":"Kārsavas novads","default_name":"Kārsavas novads"},{"region_id":413,"country_id":"LV","code":"Lielvārdes novads","default_name":"Lielvārdes novads"},{"region_id":414,"country_id":"LV","code":"LV-LM","default_name":"Limbažu novads"},{"region_id":415,"country_id":"LV","code":"Lubānas novads","default_name":"Lubānas novads"},{"region_id":416,"country_id":"LV","code":"LV-LU","default_name":"Ludzas novads"},{"region_id":417,"country_id":"LV","code":"Līgatnes novads","default_name":"Līgatnes novads"},{"region_id":418,"country_id":"LV","code":"Līvānu novads","default_name":"Līvānu novads"},{"region_id":419,"country_id":"LV","code":"LV-MA","default_name":"Madonas novads"},{"region_id":420,"country_id":"LV","code":"Mazsalacas novads","default_name":"Mazsalacas novads"},{"region_id":421,"country_id":"LV","code":"Mālpils novads","default_name":"Mālpils novads"},{"region_id":422,"country_id":"LV","code":"Mārupes novads","default_name":"Mārupes novads"},{"region_id":423,"country_id":"LV","code":"Naukšēnu novads","default_name":"Naukšēnu novads"},{"region_id":424,"country_id":"LV","code":"Neretas novads","default_name":"Neretas novads"},{"region_id":425,"country_id":"LV","code":"Nīcas novads","default_name":"Nīcas novads"},{"region_id":426,"country_id":"LV","code":"LV-OG","default_name":"Ogres novads"},{"region_id":427,"country_id":"LV","code":"Olaines novads","default_name":"Olaines novads"},{"region_id":428,"country_id":"LV","code":"Ozolnieku novads","default_name":"Ozolnieku novads"},{"region_id":429,"country_id":"LV","code":"LV-PR","default_name":"Preiļu novads"},{"region_id":430,"country_id":"LV","code":"Priekules novads","default_name":"Priekules novads"},{"region_id":431,"country_id":"LV","code":"Priekuļu novads","default_name":"Priekuļu novads"},{"region_id":432,"country_id":"LV","code":"Pārgaujas novads","default_name":"Pārgaujas novads"},{"region_id":433,"country_id":"LV","code":"Pāvilostas novads","default_name":"Pāvilostas novads"},{"region_id":434,"country_id":"LV","code":"Pļaviņu novads","default_name":"Pļaviņu novads"},{"region_id":435,"country_id":"LV","code":"Raunas novads","default_name":"Raunas novads"},{"region_id":436,"country_id":"LV","code":"Riebiņu novads","default_name":"Riebiņu novads"},{"region_id":437,"country_id":"LV","code":"Rojas novads","default_name":"Rojas novads"},{"region_id":438,"country_id":"LV","code":"Ropažu novads","default_name":"Ropažu novads"},{"region_id":439,"country_id":"LV","code":"Rucavas novads","default_name":"Rucavas novads"},{"region_id":440,"country_id":"LV","code":"Rugāju novads","default_name":"Rugāju novads"},{"region_id":441,"country_id":"LV","code":"Rundāles novads","default_name":"Rundāles novads"},{"region_id":442,"country_id":"LV","code":"LV-RE","default_name":"Rēzeknes novads"},{"region_id":443,"country_id":"LV","code":"Rūjienas novads","default_name":"Rūjienas novads"},{"region_id":444,"country_id":"LV","code":"Salacgrīvas novads","default_name":"Salacgrīvas novads"},{"region_id":445,"country_id":"LV","code":"Salas novads","default_name":"Salas novads"},{"region_id":446,"country_id":"LV","code":"Salaspils novads","default_name":"Salaspils novads"},{"region_id":447,"country_id":"LV","code":"LV-SA","default_name":"Saldus novads"},{"region_id":448,"country_id":"LV","code":"Saulkrastu novads","default_name":"Saulkrastu novads"},{"region_id":449,"country_id":"LV","code":"Siguldas novads","default_name":"Siguldas novads"},{"region_id":450,"country_id":"LV","code":"Skrundas novads","default_name":"Skrundas novads"},{"region_id":451,"country_id":"LV","code":"Skrīveru novads","default_name":"Skrīveru novads"},{"region_id":452,"country_id":"LV","code":"Smiltenes novads","default_name":"Smiltenes novads"},{"region_id":453,"country_id":"LV","code":"Stopiņu novads","default_name":"Stopiņu novads"},{"region_id":454,"country_id":"LV","code":"Strenču novads","default_name":"Strenču novads"},{"region_id":455,"country_id":"LV","code":"Sējas novads","default_name":"Sējas novads"},{"region_id":456,"country_id":"LV","code":"LV-TA","default_name":"Talsu novads"},{"region_id":457,"country_id":"LV","code":"LV-TU","default_name":"Tukuma novads"},{"region_id":458,"country_id":"LV","code":"Tērvetes novads","default_name":"Tērvetes novads"},{"region_id":459,"country_id":"LV","code":"Vaiņodes novads","default_name":"Vaiņodes novads"},{"region_id":460,"country_id":"LV","code":"LV-VK","default_name":"Valkas novads"},{"region_id":461,"country_id":"LV","code":"LV-VM","default_name":"Valmieras novads"},{"region_id":462,"country_id":"LV","code":"Varakļānu novads","default_name":"Varakļānu novads"},{"region_id":463,"country_id":"LV","code":"Vecpiebalgas novads","default_name":"Vecpiebalgas novads"},{"region_id":464,"country_id":"LV","code":"Vecumnieku novads","default_name":"Vecumnieku novads"},{"region_id":465,"country_id":"LV","code":"LV-VE","default_name":"Ventspils novads"},{"region_id":466,"country_id":"LV","code":"Viesītes novads","default_name":"Viesītes novads"},{"region_id":467,"country_id":"LV","code":"Viļakas novads","default_name":"Viļakas novads"},{"region_id":468,"country_id":"LV","code":"Viļānu novads","default_name":"Viļānu novads"},{"region_id":469,"country_id":"LV","code":"Vārkavas novads","default_name":"Vārkavas novads"},{"region_id":470,"country_id":"LV","code":"Zilupes novads","default_name":"Zilupes novads"},{"region_id":471,"country_id":"LV","code":"Ādažu novads","default_name":"Ādažu novads"},{"region_id":472,"country_id":"LV","code":"Ērgļu novads","default_name":"Ērgļu novads"},{"region_id":473,"country_id":"LV","code":"Ķeguma novads","default_name":"Ķeguma novads"},{"region_id":474,"country_id":"LV","code":"Ķekavas novads","default_name":"Ķekavas novads"},{"region_id":475,"country_id":"LT","code":"LT-AL","default_name":"Alytaus Apskritis"},{"region_id":476,"country_id":"LT","code":"LT-KU","default_name":"Kauno Apskritis"},{"region_id":477,"country_id":"LT","code":"LT-KL","default_name":"Klaipėdos Apskritis"},{"region_id":478,"country_id":"LT","code":"LT-MR","default_name":"Marijampolės Apskritis"},{"region_id":479,"country_id":"LT","code":"LT-PN","default_name":"Panevėžio Apskritis"},{"region_id":480,"country_id":"LT","code":"LT-SA","default_name":"Šiaulių Apskritis"},{"region_id":481,"country_id":"LT","code":"LT-TA","default_name":"Tauragės Apskritis"},{"region_id":482,"country_id":"LT","code":"LT-TE","default_name":"Telšių Apskritis"},{"region_id":483,"country_id":"LT","code":"LT-UT","default_name":"Utenos Apskritis"},{"region_id":484,"country_id":"LT","code":"LT-VL","default_name":"Vilniaus Apskritis"},{"region_id":485,"country_id":"BR","code":"AC","default_name":"Acre"},{"region_id":486,"country_id":"BR","code":"AL","default_name":"Alagoas"},{"region_id":487,"country_id":"BR","code":"AP","default_name":"Amapá"},{"region_id":488,"country_id":"BR","code":"AM","default_name":"Amazonas"},{"region_id":489,"country_id":"BR","code":"BA","default_name":"Bahia"},{"region_id":490,"country_id":"BR","code":"CE","default_name":"Ceará"},{"region_id":491,"country_id":"BR","code":"ES","default_name":"Espírito Santo"},{"region_id":492,"country_id":"BR","code":"GO","default_name":"Goiás"},{"region_id":493,"country_id":"BR","code":"MA","default_name":"Maranhão"},{"region_id":494,"country_id":"BR","code":"MT","default_name":"Mato Grosso"},{"region_id":495,"country_id":"BR","code":"MS","default_name":"Mato Grosso do Sul"},{"region_id":496,"country_id":"BR","code":"MG","default_name":"Minas Gerais"},{"region_id":497,"country_id":"BR","code":"PA","default_name":"Pará"},{"region_id":498,"country_id":"BR","code":"PB","default_name":"Paraíba"},{"region_id":499,"country_id":"BR","code":"PR","default_name":"Paraná"},{"region_id":500,"country_id":"BR","code":"PE","default_name":"Pernambuco"},{"region_id":501,"country_id":"BR","code":"PI","default_name":"Piauí"},{"region_id":502,"country_id":"BR","code":"RJ","default_name":"Rio de Janeiro"},{"region_id":503,"country_id":"BR","code":"RN","default_name":"Rio Grande do Norte"},{"region_id":504,"country_id":"BR","code":"RS","default_name":"Rio Grande do Sul"},{"region_id":505,"country_id":"BR","code":"RO","default_name":"Rondônia"},{"region_id":506,"country_id":"BR","code":"RR","default_name":"Roraima"},{"region_id":507,"country_id":"BR","code":"SC","default_name":"Santa Catarina"},{"region_id":508,"country_id":"BR","code":"SP","default_name":"São Paulo"},{"region_id":509,"country_id":"BR","code":"SE","default_name":"Sergipe"},{"region_id":510,"country_id":"BR","code":"TO","default_name":"Tocantins"},{"region_id":511,"country_id":"BR","code":"DF","default_name":"Distrito Federal"},{"region_id":512,"country_id":"HR","code":"HR-01","default_name":"Zagrebačka županija"},{"region_id":513,"country_id":"HR","code":"HR-02","default_name":"Krapinsko-zagorska županija"},{"region_id":514,"country_id":"HR","code":"HR-03","default_name":"Sisačko-moslavačka županija"},{"region_id":515,"country_id":"HR","code":"HR-04","default_name":"Karlovačka županija"},{"region_id":516,"country_id":"HR","code":"HR-05","default_name":"Varaždinska županija"},{"region_id":517,"country_id":"HR","code":"HR-06","default_name":"Koprivničko-križevačka županija"},{"region_id":518,"country_id":"HR","code":"HR-07","default_name":"Bjelovarsko-bilogorska županija"},{"region_id":519,"country_id":"HR","code":"HR-08","default_name":"Primorsko-goranska županija"},{"region_id":520,"country_id":"HR","code":"HR-09","default_name":"Ličko-senjska županija"},{"region_id":521,"country_id":"HR","code":"HR-10","default_name":"Virovitičko-podravska županija"},{"region_id":522,"country_id":"HR","code":"HR-11","default_name":"Požeško-slavonska županija"},{"region_id":523,"country_id":"HR","code":"HR-12","default_name":"Brodsko-posavska županija"},{"region_id":524,"country_id":"HR","code":"HR-13","default_name":"Zadarska županija"},{"region_id":525,"country_id":"HR","code":"HR-14","default_name":"Osječko-baranjska županija"},{"region_id":526,"country_id":"HR","code":"HR-15","default_name":"Šibensko-kninska županija"},{"region_id":527,"country_id":"HR","code":"HR-16","default_name":"Vukovarsko-srijemska županija"},{"region_id":528,"country_id":"HR","code":"HR-17","default_name":"Splitsko-dalmatinska županija"},{"region_id":529,"country_id":"HR","code":"HR-18","default_name":"Istarska županija"},{"region_id":530,"country_id":"HR","code":"HR-19","default_name":"Dubrovačko-neretvanska županija"},{"region_id":531,"country_id":"HR","code":"HR-20","default_name":"Međimurska županija"},{"region_id":532,"country_id":"HR","code":"HR-21","default_name":"Grad Zagreb"},{"region_id":533,"country_id":"IN","code":"AN","default_name":"Andaman and Nicobar Islands"},{"region_id":534,"country_id":"IN","code":"AP","default_name":"Andhra Pradesh"},{"region_id":535,"country_id":"IN","code":"AR","default_name":"Arunachal Pradesh"},{"region_id":536,"country_id":"IN","code":"AS","default_name":"Assam"},{"region_id":537,"country_id":"IN","code":"BR","default_name":"Bihar"},{"region_id":538,"country_id":"IN","code":"CH","default_name":"Chandigarh"},{"region_id":539,"country_id":"IN","code":"CT","default_name":"Chhattisgarh"},{"region_id":540,"country_id":"IN","code":"DN","default_name":"Dadra and Nagar Haveli"},{"region_id":541,"country_id":"IN","code":"DD","default_name":"Daman and Diu"},{"region_id":542,"country_id":"IN","code":"DL","default_name":"Delhi"},{"region_id":543,"country_id":"IN","code":"GA","default_name":"Goa"},{"region_id":544,"country_id":"IN","code":"GJ","default_name":"Gujarat"},{"region_id":545,"country_id":"IN","code":"HR","default_name":"Haryana"},{"region_id":546,"country_id":"IN","code":"HP","default_name":"Himachal Pradesh"},{"region_id":547,"country_id":"IN","code":"JK","default_name":"Jammu and Kashmir"},{"region_id":548,"country_id":"IN","code":"JH","default_name":"Jharkhand"},{"region_id":549,"country_id":"IN","code":"KA","default_name":"Karnataka"},{"region_id":550,"country_id":"IN","code":"KL","default_name":"Kerala"},{"region_id":551,"country_id":"IN","code":"LD","default_name":"Lakshadweep"},{"region_id":552,"country_id":"IN","code":"MP","default_name":"Madhya Pradesh"},{"region_id":553,"country_id":"IN","code":"MH","default_name":"Maharashtra"},{"region_id":554,"country_id":"IN","code":"MN","default_name":"Manipur"},{"region_id":555,"country_id":"IN","code":"ML","default_name":"Meghalaya"},{"region_id":556,"country_id":"IN","code":"MZ","default_name":"Mizoram"},{"region_id":557,"country_id":"IN","code":"NL","default_name":"Nagaland"},{"region_id":558,"country_id":"IN","code":"OR","default_name":"Odisha"},{"region_id":559,"country_id":"IN","code":"PY","default_name":"Puducherry"},{"region_id":560,"country_id":"IN","code":"PB","default_name":"Punjab"},{"region_id":561,"country_id":"IN","code":"RJ","default_name":"Rajasthan"},{"region_id":562,"country_id":"IN","code":"SK","default_name":"Sikkim"},{"region_id":563,"country_id":"IN","code":"TN","default_name":"Tamil Nadu"},{"region_id":564,"country_id":"IN","code":"TG","default_name":"Telangana"},{"region_id":565,"country_id":"IN","code":"TR","default_name":"Tripura"},{"region_id":566,"country_id":"IN","code":"UP","default_name":"Uttar Pradesh"},{"region_id":567,"country_id":"IN","code":"UT","default_name":"Uttarakhand"},{"region_id":568,"country_id":"IN","code":"WB","default_name":"West Bengal"},{"region_id":569,"country_id":"AU","code":"ACT","default_name":"Australian Capital Territory"},{"region_id":570,"country_id":"AU","code":"NSW","default_name":"New South Wales"},{"region_id":571,"country_id":"AU","code":"VIC","default_name":"Victoria"},{"region_id":572,"country_id":"AU","code":"QLD","default_name":"Queensland"},{"region_id":573,"country_id":"AU","code":"SA","default_name":"South Australia"},{"region_id":574,"country_id":"AU","code":"TAS","default_name":"Tasmania"},{"region_id":575,"country_id":"AU","code":"WA","default_name":"Western Australia"},{"region_id":576,"country_id":"AU","code":"NT","default_name":"Northern Territory"},{"region_id":577,"country_id":"MX","code":"AGU","default_name":"Aguascalientes"},{"region_id":578,"country_id":"MX","code":"BCN","default_name":"Baja California"},{"region_id":579,"country_id":"MX","code":"BCS","default_name":"Baja California Sur"},{"region_id":580,"country_id":"MX","code":"CAM","default_name":"Campeche"},{"region_id":581,"country_id":"MX","code":"CHP","default_name":"Chiapas"},{"region_id":582,"country_id":"MX","code":"CHH","default_name":"Chihuahua"},{"region_id":583,"country_id":"MX","code":"CMX","default_name":"Ciudad de México"},{"region_id":584,"country_id":"MX","code":"COA","default_name":"Coahuila"},{"region_id":585,"country_id":"MX","code":"COL","default_name":"Colima"},{"region_id":586,"country_id":"MX","code":"DUR","default_name":"Durango"},{"region_id":587,"country_id":"MX","code":"MEX","default_name":"Estado de México"},{"region_id":588,"country_id":"MX","code":"GUA","default_name":"Guanajuato"},{"region_id":589,"country_id":"MX","code":"GRO","default_name":"Guerrero"},{"region_id":590,"country_id":"MX","code":"HID","default_name":"Hidalgo"},{"region_id":591,"country_id":"MX","code":"JAL","default_name":"Jalisco"},{"region_id":592,"country_id":"MX","code":"MIC","default_name":"Michoacán"},{"region_id":593,"country_id":"MX","code":"MOR","default_name":"Morelos"},{"region_id":594,"country_id":"MX","code":"NAY","default_name":"Nayarit"},{"region_id":595,"country_id":"MX","code":"NLE","default_name":"Nuevo León"},{"region_id":596,"country_id":"MX","code":"OAX","default_name":"Oaxaca"},{"region_id":597,"country_id":"MX","code":"PUE","default_name":"Puebla"},{"region_id":598,"country_id":"MX","code":"QUE","default_name":"Querétaro"},{"region_id":599,"country_id":"MX","code":"ROO","default_name":"Quintana Roo"},{"region_id":600,"country_id":"MX","code":"SLP","default_name":"San Luis Potosí"},{"region_id":601,"country_id":"MX","code":"SIN","default_name":"Sinaloa"},{"region_id":602,"country_id":"MX","code":"SON","default_name":"Sonora"},{"region_id":603,"country_id":"MX","code":"TAB","default_name":"Tabasco"},{"region_id":604,"country_id":"MX","code":"TAM","default_name":"Tamaulipas"},{"region_id":605,"country_id":"MX","code":"TLA","default_name":"Tlaxcala"},{"region_id":606,"country_id":"MX","code":"VER","default_name":"Veracruz"},{"region_id":607,"country_id":"MX","code":"YUC","default_name":"Yucatán"},{"region_id":608,"country_id":"MX","code":"ZAC","default_name":"Zacatecas"}]